,시장,회사코드,회사명,상장여부,업데이트일
0,코스닥,05882,CMG제약,상장,20260504
1,코스닥,08366,CSA 코스믹,상장,20260504
2,코스닥,02830,HLB,상장,20260504
3,코스닥,09534,ISC,상장,20260504
4,코스닥,04644,KG파이낸셜,상장,20260504
5,코스닥,03560,KG이니시스,상장,20260504
6,코스닥,47608,M83,상장,20260504
7,코스닥,06025,NHN KCP,상장,20260504
8,코스닥,24696,SCL사이언스,상장,20260504
9,코스닥,03654,SFA반도체,상장,20260504
10,코스닥,18423,SGA솔루션즈,상장,20260504
11,코스닥,07994,가비아,상장,20260504
12,코스닥,03662,감성코퍼레이션,상장,20260504
13,코스닥,45345,그리드위즈,상장,20260504
14,코스닥,19051,나무가,상장,20260504
15,코스닥,25359,네오셈,상장,20260504
16,코스닥,09566,네오위즈,상장,20260504
17,코스닥,39627,넥스트칩,상장,20260504
18,코스닥,34821,넥스틴,상장,20260504
19,코스닥,06026,뉴보텍,상장,20260504
20,코스닥,02040,대동금속,상장,20260504
21,코스닥,01765,대림제지,상장,20260504
22,코스닥,38926,대명에너지,상장,20260504
23,코스닥,39389,더블유씨피,상장,20260504
24,코스닥,19448,데브시스터즈,상장,20260504
25,코스닥,13197,두산테스나,상장,20260504
26,코스닥,26372,디앤씨미디어,상장,20260504
27,코스닥,10574,디케이락,상장,20260504
28,코스닥,05847,리노공업,상장,20260504
29,코스닥,30255,리메드,상장,20260504
30,코스닥,39442,리센스메디컬,상장,20260504
31,코스닥,21520,메가스터디교육,상장,20260504
32,코스닥,13375,메가엠디,상장,20260504
33,코스닥,08690,메디톡스,상장,20260504
34,코스닥,41797,모델솔루션,상장,20260504
35,코스닥,33305,이노테나,상장,20260504
36,코스닥,47546,미트박스,상장,20260504
37,코스닥,08667,비엠티,상장,20260504
38,코스닥,05409,삼진엘앤디,상장,20260504
39,코스닥,00025,삼천당제약,상장,20260504
40,코스닥,00673,서부T&D,상장,20260504
41,코스닥,36534,성일하이텍,상장,20260504
42,코스닥,01156,세보엠이씨,상장,20260504
43,코스닥,05345,세코닉스,상장,20260504
44,코스닥,33192,셀레믹스,상장,20260504
45,코스닥,30843,셀비온,상장,20260504
46,코스닥,25772,실리콘투,상장,20260504
47,코스닥,22280,심텍,상장,20260504
48,코스닥,03671,심텍홀딩스,상장,20260504
49,코스닥,02598,아난티,상장,20260504
50,코스닥,0015N,아로마티카,상장,20260504
51,코스닥,09204,아미코젠,상장,20260504
52,코스닥,06739,아스트,상장,20260504
53,코스닥,33995,아이비김영,상장,20260504
54,코스닥,05286,아이앤씨,상장,20260504
55,코스닥,21271,아이에스티이,상장,20260504
56,코스닥,01331,아진산업,상장,20260504
57,코스닥,15843,아톤,상장,20260504
58,코스닥,19617,알테오젠,상장,20260504
59,코스닥,48828,에스투더블유,상장,20260504
60,코스닥,04499,에이치엔에스하이텍,상장,20260504
61,코스닥,14893,에이치와이티씨,상장,20260504
62,코스닥,08652,에코프로,상장,20260504
63,코스닥,38331,에코프로에이치엔,상장,20260504
64,코스닥,07354,에프알텍,상장,20260504
65,코스닥,48950,엘케이켐,상장,20260504
66,코스닥,22659,엠디바이스,상장,20260504
67,코스닥,25963,엠플러스,상장,20260504
68,코스닥,25093,예선테크,상장,20260504
69,코스닥,36897,오에스피,상장,20260504
70,코스닥,13808,오이솔루션,상장,20260504
71,코스닥,35359,오토앤,상장,20260504
72,코스닥,44032,오픈놀,상장,20260504
73,코스닥,47606,온코닉테라퓨틱스,상장,20260504
74,코스닥,33884,와이바이오로직스,상장,20260504
75,코스닥,12287,와이지엔터테인먼트,상장,20260504
76,코스닥,30728,원바이오젠,상장,20260504
77,코스닥,34835,위드텍,상장,20260504
78,코스닥,24169,유니테크노,상장,20260504
79,코스닥,13140,이브이첨단소재,상장,20260504
80,코스닥,45607,이엔셀,상장,20260504
81,코스닥,10271,이엔에프테크놀로지,상장,20260504
82,코스닥,06376,이엘피,상장,20260504
83,코스닥,18930,인텔리안테크,상장,20260504
84,코스닥,04853,인트론바이오,상장,20260504
85,코스닥,01954,일지테크,상장,20260504
86,코스닥,USA11,잉글우드랩,상장,20260504
87,코스닥,04391,자연과환경,상장,20260504
88,코스닥,12231,제노레이,상장,20260504
89,코스닥,36139,제노코,상장,20260504
90,코스닥,41750,제이아이테크,상장,20260504
91,코스닥,03305,제이엠아이,상장,20260504
92,코스닥,0010V,제이피아이헬스케어,상장,20260504
93,코스닥,03693,주성엔지니어링,상장,20260504
94,코스닥,38861,지에프씨생명과학,상장,20260504
95,코스닥,31132,지오엘리먼트,상장,20260504
96,코스닥,38805,지투파워,상장,20260504
97,코스닥,08566,차바이오텍,상장,20260504
98,코스닥,35187,차이커뮤니케이션,상장,20260504
99,코스닥,07834,컴투스,상장,20260504
100,코스닥,21437,케어젠,상장,20260504
101,코스닥,19225,케이사인,상장,20260504
102,코스닥,05308,케이엔솔,상장,20260504
103,코스닥,43247,케이엔에스,상장,20260504
104,코스닥,22543,케이엠제약,상장,20260504
105,코스닥,18330,코미코,상장,20260504
106,코스닥,24171,코스메카코리아,상장,20260504
107,코스닥,04597,코아시아,상장,20260504
108,코스닥,USA12,코오롱티슈진,상장,20260504
109,코스닥,06028,큐렉소,상장,20260504
110,코스닥,33668,탑런토탈솔루션,상장,20260504
111,코스닥,12456,태웅로직스,상장,20260504
112,코스닥,06476,티씨케이,상장,20260504
113,코스닥,48481,티엑스알로보틱스,상장,20260504
114,코스닥,44011,파두,상장,20260504
115,코스닥,09170,파트론,상장,20260504
116,코스닥,27183,팸텍,상장,20260504
117,코스닥,26375,펄어비스,상장,20260504
118,코스닥,25197,펌텍코리아,상장,20260504
119,코스닥,06480,포니링크,상장,20260504
120,코스닥,00952,포스코엠텍,상장,20260504
121,코스닥,11463,폴라리스우노,상장,20260504
122,코스닥,44518,퓨릿,상장,20260504
123,코스닥,22010,퓨쳐켐,상장,20260504
124,코스닥,30336,프로티아,상장,20260504
125,코스닥,03379,피노,상장,20260504
126,코스닥,37618,피코그램,상장,20260504
127,코스닥,37834,필에너지,상장,20260504
128,코스닥,16158,필옵틱스,상장,20260504
129,코스닥,16609,하나머티리얼즈,상장,20260504
130,코스닥,01789,한국알콜,상장,20260504
131,코스닥,43069,한싹,상장,20260504
132,코스닥,06125,화일약품,상장,20260504
133,코스닥,24307,휴온스,상장,20260504
134,코스닥,08411,휴온스글로벌,상장,20260504
135,코스닥,14502,휴젤,상장,20260504
136,코스닥,01024,흥국,상장,20260504
137,코스닥,44871,코츠테크놀로지,상장,20260508
138,코스닥,04943,코메론,상장,20260529
139,코스닥,HKG21,GRT,상장,20260604
140,코스닥,06908,웹젠,상장,20260619
141,코스닥,27229,이녹스첨단소재,상장,20260619
142,코스닥,04689,서울반도체,상장,20260622
143,코스닥,06716,SOOP,상장,20260622
144,코스닥,05619,SFA,상장,20260625
145,코스닥,02316,태광,상장,20260629
146,코스닥,21415,클래시스,상장,20260629
147,코스닥,22208,SFA넥셀,상장,20260814
