회사코드,회사명,상장여부,업데이트일
9181,트리니티항공,상장,20260605
942,한올바이오파마,상장,20260605
585,에스엘,상장,20260605
6827,(주)셀트리온,상장,20260605
19437,(주)제이에스코퍼레이션,상장,20260605
1586,일진홀딩스 주식회사,상장,20260605
604,동원산업,상장,20260605
271,TCC스틸,상장,20260605
28513,SK케미칼,상장,20260605
628,녹십자,상장,20260605
17090,동아에스티,상장,20260605
684,AK홀딩스,상장,20260605
3473,SK(주),상장,20260605
449,세방전지,상장,20260605
509,SGC에너지(주),상장,20260605
7324,금호타이어,상장,20260605
112,LX인터내셔널,상장,20260605
415,한솔홀딩스(주),상장,20260605
1718,명문제약,상장,20260605
383,대한화섬(주),상장,20260605
349,대한항공,상장,20260605
45226,한화갤러리아,상장,20260605
33626,두산퓨얼셀,상장,20260605
3653,(주)SNT홀딩스,상장,20260605
385,보령,상장,20260605
279,주식회사 아모레퍼시픽홀딩스,상장,20260605
9043,아모레퍼시픽,상장,20260605
10556,KB금융지주,상장,20260605
983,한화솔루션(주),상장,20260605
734,(주)디엔오토모티브,상장,20260605
8562,미래에셋생명,상장,20260605
153,디아이동일(주),상장,20260605
26727,HD건설기계,상장,20260605
9677,SK이노베이션,상장,20260605
1120,HMM (에이치엠엠 주식회사),상장,20260605
3431,NICE,상장,20260605
15,두산,상장,20260605
72,현대건설,상장,20260605
18064,한진칼,상장,20260605
3642,(주)콘텐트리중앙,상장,20260605
10314,풍산,상장,20260605
1300,세우글로벌,상장,20260605
18575,종근당,상장,20260605
174,SK네트웍스,상장,20260605
680,미래에셋증권,상장,20260605
12011,코오롱인더,상장,20260605
45604,OCI 주식회사,상장,20260605
16139,한국타이어앤테크놀로지,상장,20260605
32918,HD현대중공업,상장,20260605
45491,두산로보틱스(주),상장,20260605
48365,달바글로벌,상장,20260605
8,하이트진로,상장,20260605
99,DB하이텍,상장,20260605
88,(주)한화,상장,20260605
21439,경보제약,상장,20260605
1012,엘에스일렉트릭,상장,20260605
7105,한국금융지주,상장,20260605
5843,포스코스틸리온(주),상장,20260605
4270,한미반도체,상장,20260605
2015,롯데에너지머티리얼즈,상장,20260605
12389,한국자산신탁,상장,20260605
29805,에이치에스효성첨단소재(주),상장,20260605
24156,두산밥캣,상장,20260605
499,롯데지주,상장,20260605
3525,강원랜드,상장,20260605
9223,KPX홀딩스,상장,20260605
18319,아세아시멘트,상장,20260605
954,HD한국조선해양,상장,20260605
235,넥센타이어,상장,20260605
14599,(주)삼양사,상장,20260605
24942,일동제약,상장,20260605
19208,더블유게임즈,상장,20260605
1781,풀무원,상장,20260605
47515,SK이터닉스,상장,20260605
29394,신한알파리츠,상장,20260605
19282,코스맥스(주),상장,20260605
2554,한국단자공업,상장,20260605
1193,신성이엔지,상장,20260605
27221,한화시스템(주),상장,20260605
396,사조대림,상장,20260605
353,한화투자증권,상장,20260605
145,현대해상,상장,20260605
770,주식회사 에프앤에프홀딩스,상장,20260605
402,현대제철,상장,20260605
354,대신증권,상장,20260605
25127,넷마블 주식회사,상장,20260605
38322,에프앤에프,상장,20260605
496,한신공영,상장,20260605
20432,HL만도,상장,20260605
1336,일성건설,상장,20260605
6098,HL홀딩스,상장,20260605
32200,HD현대에너지솔루션 주식회사,상장,20260605
168,대상,상장,20260605
620,한국전자홀딩스,상장,20260605
33059,롯데리츠,상장,20260605
1263,에이치디씨(주),상장,20260605
920,무림페이퍼,상장,20260605
10,유한양행,상장,20260605
958,무림P&P,상장,20260605
9305,LF,상장,20260605
622,제주은행,상장,20260605
9572,(주)웅진씽크빅,상장,20260605
2380,인지컨트롤스(주),상장,20260605
7998,( 주)휴비스,상장,20260605
1482,동원시스템즈,상장,20260605
507,코스모신소재,상장,20260605
172,신영증권,상장,20260605
2359,다우기술,상장,20260605
27847,에이피알,상장,20260605
13066,한전산업,상장,20260605
9723,HJ중공업,상장,20260605
34482,케이씨씨글라스,상장,20260605
11409,GKL(그랜드코리아레저),상장,20260605
46086,동국제강,상장,20260605
29804,효성중공업 주식회사,상장,20260605
46085,동국씨엠(주),상장,20260605
1121,현대위아,상장,20260605
583,DB손해보험,상장,20260605
1780,현대엘리베이터(주),상장,20260605
3572,(주)카카오,상장,20260605
33489,이지스밸류플러스리츠,상장,20260605
498,성신양회,상장,20260605
893,한미사이언스,상장,20260605
12894,한미약품(주),상장,20260605
1004,한국내화,상장,20260605
480,(주)효성,상장,20260605
3121,서울보증보험,상장,20260605
1176,현대코퍼레이션,상장,20260605
5886,KTis (케이티아이에스),상장,20260605
538,현대자동차,상장,20260605
26726,HD현대일렉트릭(주),상장,20260605
3459,인천도시가스 주식회사,상장,20260605
2124,코웨이,상장,20260605
367,포스코퓨처엠,상장,20260605
437,농심,상장,20260605
21,DL,상장,20260605
4266,한화오션(주),상장,20260605
7,(주)삼양홀딩스,상장,20260605
20088,서연이화,상장,20260605
997,(주)영원무역홀딩스,상장,20260605
7132,지역난방공사,상장,20260605
1251,더존비즈온,상장,20260605
272,국제약품,상장,20260605
322,대원제약,상장,20260605
941,(주)태영건설,상장,20260605
7916,CJ CGV,상장,20260605
6697,엘앤에프,상장,20260605
14,하이트진로홀딩스,상장,20260605
202,(주)코오롱,상장,20260605
33637,솔루스첨단소재(주),상장,20260605
12656,현대퓨처넷,상장,20260605
17533,JB금융지주,상장,20260605
13948,이마트,상장,20260605
3019,NICE평가정보,상장,20260605
35052,주식회사 이지스레지던스위탁관리부동산투자회사,상장,20260605
215,도화엔지니어링,상장,20260605
163,(주)종근당홀딩스,상장,20260605
7184,롯데하이마트,상장,20260605
2472,콜마홀딩스(주),상장,20260605
8469,대상홀딩스(주),상장,20260605
3000,제일기획,상장,20260605
323,삼양식품(주),상장,20260605
3264,LG유플러스,상장,20260605
1006,OCI홀딩스,상장,20260605
29869,에어부산(주),상장,20260605
24,한국앤컴퍼니(주),상장,20260605
44306,HD현대마린솔루션,상장,20260605
6962,대웅제약,상장,20260605
417,(주)신세계,상장,20260605
309,대웅,상장,20260605
8679,하나금융지주,상장,20260605
3412,sbs,상장,20260605
525,(주)녹십자홀딩스,상장,20260605
328,흥아해운(주),상장,20260605
1358,계룡건설산업(주),상장,20260605
35282,주식회사 하이브,상장,20260605
136,삼성제약(주),상장,20260605
330,한일홀딩스 주식회사,상장,20260605
1115,CJ씨푸드(주),상장,20260605
30072,한일시멘트 주식회사,상장,20260605
731,(주)오뚜기,상장,20260605
3061,교보증권(주),상장,20260605
2056,아시아나항공(주),상장,20260605
120,유진투자증권,상장,20260605
13804,메리츠금융지주,상장,20260605
64,동아쏘시오홀딩스,상장,20260605
636,GS건설,상장,20260605
665,대한유화,상장,20260605
1576,한국전력공사,상장,20260605
1661,DB증권,상장,20260605
307,코오롱글로벌 주식회사,상장,20260605
786,(주)서연,상장,20260605
2411,기업은행,상장,20260605
469,삼천리,상장,20260605
45180,한화위탁관리부동산투자회사 주식회사 (한화리츠),상장,20260605
3646,한국가스공사,상장,20260605
29800,효성화학,상장,20260605
6435,현대로템,상장,20260605
238,케이씨씨,상장,20260605
8835,한화생명보험(주),상장,20260605
27245,진에어,상장,20260605
8947,에이치디씨현대이피(주),상장,20260605
1245,한화에어로스페이스,상장,20260605
31740,자이에스앤디,상장,20260605
13731,에스디바이오센서(주),상장,20260605
11177,영원무역,상장,20260605
1794,(주)E1,상장,20260605
612,에스케이디스커버리,상장,20260605
542,코스모화학 주식회사,상장,20260605
39540,SK리츠,상장,20260605
144,대한전선,상장,20260605
6657,LG전자(주),상장,20260605
29487,아이파크현대산업개발(주),상장,20260605
37,한화손해보험㈜,상장,20260605
40234,SK스퀘어,상장,20260605
4781,한국항공우주산업(주),상장,20260605
10867,LX하우시스,상장,20260605
10832,LX세미콘,상장,20260605
8467,(주)동양고속,상장,20260605
1179,SKC,상장,20260605
1688,웅진,상장,20260605
4705,주식회사 포스코인터내셔널,상장,20260605
27,기아 주식회사,상장,20260605
40,롯데손해보험,상장,20260605
8959,(주)제주항공,상장,20260605
20794,삼성바이오로직스,상장,20260605
915,삼성전기,상장,20260605
150,현대차증권,상장,20260605
10009,SK오션플랜트,상장,20260605
27194,일진하이솔루스 주식회사,상장,20260605
37550,DL이앤씨,상장,20260605
303,세아제강지주,상장,20260605
347,유안타증권,상장,20260605
38380,(주)엘엑스홀딩스,상장,20260605
1638,KG스틸(주),상장,20260605
8274,한화엔진,상장,20260605
13893,BNK금융지주,상장,20260605
290,TYM,상장,20260605
877,호텔신라,상장,20260605
30244,SK바이오사이언스,상장,20260605
180,오리온홀딩스,상장,20260605
27156,(주)오리온,상장,20260605
945,주식회사 경동나비엔,상장,20260605
7197,HD현대마린엔진,상장,20260605
3402,두산에너빌리티 주식회사,상장,20260605
3657,NC,상장,20260605
21432,이노션,상장,20260605
139,KG케미칼,상장,20260605
3483,한국토지신탁,상장,20260605
568,삼영전자공업,상장,20260605
66,SK하이닉스,상장,20260609
232,한진,상장,20260721
